SIMPLE RESCHEDULE,SRMGOL,BEFORE RESCHEDULE,SIMPLE RESCHEDULE,SRMGOL,SIMPLE RESCHEDULE,SRMGOL
81117.8199999973, 71344.98999999804, 4770, 4255, 2326, 298.99999999999966, 491.14000000000016
90039.46999999844, 79156.39999999602, 5284, 4884, 2915, 298.99999999999966, 513.0299999999999
89166.09999999811, 79271.10999999917, 5180, 4820, 2882, 298.9999999999998, 497.3900000000002
84588.25999999869, 77844.29999999689, 4964, 4497, 2499, 298.9999999999998, 533.9200000000003
99752.54999999897, 84325.42000000215, 5995, 5579, 3019, 298.9999999999998, 529.2899999999998
84288.03999999847, 78037.20000000233, 4852, 4477, 2758, 298.99999999999966, 514.7
79540.10999999799, 71675.52999999975, 4572, 4132, 2685, 298.99999999999966, 459.0600000000003
91614.70999999861, 80950.00000000154, 5365, 5000, 3052, 298.99999999999966, 493.9800000000003
88643.3800000002, 73052.28000000092, 5166, 4793, 2553, 298.99999999999966, 490.2799999999998
92499.62999999934, 77711.99999999904, 5393, 5065, 2621, 298.9999999999998, 510.81000000000046